{
  "TR - Open home page-8" : {
    "transaction" : "TR - Open home page-8",
    "sampleCount" : 130,
    "errorCount" : 0,
    "errorPct" : 0.0,
    "meanResTime" : 567.1384615384615,
    "medianResTime" : 508.0,
    "minResTime" : 398.0,
    "maxResTime" : 2310.0,
    "pct1ResTime" : 763.0,
    "pct2ResTime" : 920.0,
    "pct3ResTime" : 2035.959999999998,
    "throughput" : 0.3369019019408141,
    "receivedKBytesPerSec" : 3.7657873162588853,
    "sentKBytesPerSec" : 0.3550022805667208
  },
  "TR - Open home page-7" : {
    "transaction" : "TR - Open home page-7",
    "sampleCount" : 130,
    "errorCount" : 0,
    "errorPct" : 0.0,
    "meanResTime" : 407.9999999999999,
    "medianResTime" : 372.0,
    "minResTime" : 301.0,
    "maxResTime" : 786.0,
    "pct1ResTime" : 546.1000000000001,
    "pct2ResTime" : 613.0,
    "pct3ResTime" : 737.6399999999996,
    "throughput" : 0.3368163599478712,
    "receivedKBytesPerSec" : 2.012804142744069,
    "sentKBytesPerSec" : 0.34694716452442825
  },
  "TR - Open home page-6" : {
    "transaction" : "TR - Open home page-6",
    "sampleCount" : 130,
    "errorCount" : 0,
    "errorPct" : 0.0,
    "meanResTime" : 580.4538461538465,
    "medianResTime" : 533.5,
    "minResTime" : 411.0,
    "maxResTime" : 1111.0,
    "pct1ResTime" : 785.5000000000001,
    "pct2ResTime" : 974.5999999999999,
    "pct3ResTime" : 1098.6,
    "throughput" : 0.3365408262853918,
    "receivedKBytesPerSec" : 3.2559111454555336,
    "sentKBytesPerSec" : 0.3561538350768737
  },
  "TR - Open home page-5" : {
    "transaction" : "TR - Open home page-5",
    "sampleCount" : 130,
    "errorCount" : 0,
    "errorPct" : 0.0,
    "meanResTime" : 459.35384615384635,
    "medianResTime" : 411.5,
    "minResTime" : 336.0,
    "maxResTime" : 2229.0,
    "pct1ResTime" : 569.8000000000002,
    "pct2ResTime" : 709.3999999999992,
    "pct3ResTime" : 1944.1099999999979,
    "throughput" : 0.33657132205215307,
    "receivedKBytesPerSec" : 3.2986770724379157,
    "sentKBytesPerSec" : 0.34687173946531763
  },
  "TR - Open home page-4" : {
    "transaction" : "TR - Open home page-4",
    "sampleCount" : 130,
    "errorCount" : 0,
    "errorPct" : 0.0,
    "meanResTime" : 436.0307692307692,
    "medianResTime" : 407.5,
    "minResTime" : 328.0,
    "maxResTime" : 1144.0,
    "pct1ResTime" : 543.7,
    "pct2ResTime" : 627.25,
    "pct3ResTime" : 1051.3099999999993,
    "throughput" : 0.3361648759422314,
    "receivedKBytesPerSec" : 3.141060761801327,
    "sentKBytesPerSec" : 0.3462760851014313
  },
  "TR - Open home page-3" : {
    "transaction" : "TR - Open home page-3",
    "sampleCount" : 130,
    "errorCount" : 0,
    "errorPct" : 0.0,
    "meanResTime" : 447.1384615384615,
    "medianResTime" : 417.0,
    "minResTime" : 327.0,
    "maxResTime" : 884.0,
    "pct1ResTime" : 563.7,
    "pct2ResTime" : 661.6499999999999,
    "pct3ResTime" : 861.3699999999999,
    "throughput" : 0.33610577507284445,
    "receivedKBytesPerSec" : 3.1403570445185025,
    "sentKBytesPerSec" : 0.34624045491916655
  },
  "TR - Open home page-2" : {
    "transaction" : "TR - Open home page-2",
    "sampleCount" : 130,
    "errorCount" : 0,
    "errorPct" : 0.0,
    "meanResTime" : 281.75384615384615,
    "medianResTime" : 272.0,
    "minResTime" : 231.0,
    "maxResTime" : 695.0,
    "pct1ResTime" : 313.70000000000005,
    "pct2ResTime" : 352.1999999999998,
    "pct3ResTime" : 620.5999999999995,
    "throughput" : 0.33635970824676387,
    "receivedKBytesPerSec" : 0.7822030865531151,
    "sentKBytesPerSec" : 0.34323749615126875
  },
  "TR - Open home page-1" : {
    "transaction" : "TR - Open home page-1",
    "sampleCount" : 129,
    "errorCount" : 0,
    "errorPct" : 0.0,
    "meanResTime" : 1024.255813953488,
    "medianResTime" : 997.0,
    "minResTime" : 640.0,
    "maxResTime" : 1877.0,
    "pct1ResTime" : 1334.0,
    "pct2ResTime" : 1532.0,
    "pct3ResTime" : 1862.8999999999994,
    "throughput" : 0.33522601769681537,
    "receivedKBytesPerSec" : 6.024039148681834,
    "sentKBytesPerSec" : 0.23734263948260853
  },
  "TR - Login-8" : {
    "transaction" : "TR - Login-8",
    "sampleCount" : 130,
    "errorCount" : 0,
    "errorPct" : 0.0,
    "meanResTime" : 468.6307692307692,
    "medianResTime" : 420.0,
    "minResTime" : 331.0,
    "maxResTime" : 1135.0,
    "pct1ResTime" : 637.9,
    "pct2ResTime" : 730.4999999999999,
    "pct3ResTime" : 1049.7499999999993,
    "throughput" : 0.338610446913696,
    "receivedKBytesPerSec" : 3.216524531675705,
    "sentKBytesPerSec" : 0.4350198005714702
  },
  "TR - Login-7" : {
    "transaction" : "TR - Login-7",
    "sampleCount" : 130,
    "errorCount" : 0,
    "errorPct" : 0.0,
    "meanResTime" : 448.8923076923078,
    "medianResTime" : 417.5,
    "minResTime" : 322.0,
    "maxResTime" : 877.0,
    "pct1ResTime" : 571.8,
    "pct2ResTime" : 638.8,
    "pct3ResTime" : 854.6799999999998,
    "throughput" : 0.33881872155877457,
    "receivedKBytesPerSec" : 3.217810673962563,
    "sentKBytesPerSec" : 0.4358218699665873
  },
  "TR - Login-6" : {
    "transaction" : "TR - Login-6",
    "sampleCount" : 130,
    "errorCount" : 0,
    "errorPct" : 0.0,
    "meanResTime" : 286.5769230769232,
    "medianResTime" : 275.0,
    "minResTime" : 231.0,
    "maxResTime" : 885.0,
    "pct1ResTime" : 315.20000000000005,
    "pct2ResTime" : 367.9,
    "pct3ResTime" : 807.1899999999994,
    "throughput" : 0.33822898102015064,
    "receivedKBytesPerSec" : 0.8390324781126822,
    "sentKBytesPerSec" : 0.431257195496351
  },
  "TR - Add to cart" : {
    "transaction" : "TR - Add to cart",
    "sampleCount" : 130,
    "errorCount" : 0,
    "errorPct" : 0.0,
    "meanResTime" : 1687.0846153846148,
    "medianResTime" : 1638.5,
    "minResTime" : 1267.0,
    "maxResTime" : 2905.0,
    "pct1ResTime" : 1975.8,
    "pct2ResTime" : 2399.0,
    "pct3ResTime" : 2864.08,
    "throughput" : 0.3323405723927243,
    "receivedKBytesPerSec" : 5.025809820504135,
    "sentKBytesPerSec" : 1.089386532058083
  },
  "TR - Search product" : {
    "transaction" : "TR - Search product",
    "sampleCount" : 130,
    "errorCount" : 0,
    "errorPct" : 0.0,
    "meanResTime" : 3405.3923076923093,
    "medianResTime" : 3369.0,
    "minResTime" : 2387.0,
    "maxResTime" : 5009.0,
    "pct1ResTime" : 4008.1,
    "pct2ResTime" : 4233.45,
    "pct3ResTime" : 4989.16,
    "throughput" : 0.33675266811729354,
    "receivedKBytesPerSec" : 21.219710979594083,
    "sentKBytesPerSec" : 2.2668625255802506
  },
  "TR - Login-4" : {
    "transaction" : "TR - Login-4",
    "sampleCount" : 130,
    "errorCount" : 130,
    "errorPct" : 100.0,
    "meanResTime" : 939.8461538461537,
    "medianResTime" : 924.0,
    "minResTime" : 644.0,
    "maxResTime" : 1562.0,
    "pct1ResTime" : 1196.2,
    "pct2ResTime" : 1275.25,
    "pct3ResTime" : 1511.4699999999996,
    "throughput" : 0.3383900961027873,
    "receivedKBytesPerSec" : 5.169724697694002,
    "sentKBytesPerSec" : 0.5470012862077402
  },
  "TR - Login-3" : {
    "transaction" : "TR - Login-3",
    "sampleCount" : 130,
    "errorCount" : 0,
    "errorPct" : 0.0,
    "meanResTime" : 979.0384615384615,
    "medianResTime" : 942.5,
    "minResTime" : 608.0,
    "maxResTime" : 1720.0,
    "pct1ResTime" : 1309.4,
    "pct2ResTime" : 1483.6999999999998,
    "pct3ResTime" : 1706.6699999999998,
    "throughput" : 0.33565364674777437,
    "receivedKBytesPerSec" : 7.980447852333052,
    "sentKBytesPerSec" : 0.38518474828558447
  },
  "TR - Login user" : {
    "transaction" : "TR - Login user",
    "sampleCount" : 130,
    "errorCount" : 130,
    "errorPct" : 100.0,
    "meanResTime" : 4846.707692307692,
    "medianResTime" : 4728.0,
    "minResTime" : 3784.0,
    "maxResTime" : 6575.0,
    "pct1ResTime" : 5650.3,
    "pct2ResTime" : 6057.949999999999,
    "pct3ResTime" : 6537.179999999999,
    "throughput" : 0.33312150222422665,
    "receivedKBytesPerSec" : 33.165476164355745,
    "sentKBytesPerSec" : 2.931529277536336
  },