{
  "TR - Open home page-8" : {
    "transaction" : "TR - Open home page-8",
    "sampleCount" : 100,
    "errorCount" : 0,
    "errorPct" : 0.0,
    "meanResTime" : 545.7799999999997,
    "medianResTime" : 509.0,
    "minResTime" : 452.0,
    "maxResTime" : 1006.0,
    "pct1ResTime" : 674.8,
    "pct2ResTime" : 832.55,
    "pct3ResTime" : 1005.6499999999999,
    "throughput" : 0.3375459062432491,
    "receivedKBytesPerSec" : 3.7732391126677607,
    "sentKBytesPerSec" : 0.35568899870382376
  },
  "TR - Open home page-7" : {
    "transaction" : "TR - Open home page-7",
    "sampleCount" : 100,
    "errorCount" : 0,
    "errorPct" : 0.0,
    "meanResTime" : 412.74,
    "medianResTime" : 394.0,
    "minResTime" : 321.0,
    "maxResTime" : 806.0,
    "pct1ResTime" : 490.9,
    "pct2ResTime" : 588.6999999999997,
    "pct3ResTime" : 804.7799999999994,
    "throughput" : 0.33784354465447053,
    "receivedKBytesPerSec" : 2.0187504486984578,
    "sentKBytesPerSec" : 0.34809102560854066
  },
  "TR - Open home page-6" : {
    "transaction" : "TR - Open home page-6",
    "sampleCount" : 100,
    "errorCount" : 0,
    "errorPct" : 0.0,
    "meanResTime" : 610.42,
    "medianResTime" : 576.0,
    "minResTime" : 466.0,
    "maxResTime" : 1140.0,
    "pct1ResTime" : 776.4000000000001,
    "pct2ResTime" : 847.8499999999999,
    "pct3ResTime" : 1138.4999999999993,
    "throughput" : 0.3376678631364617,
    "receivedKBytesPerSec" : 3.2670717748920306,
    "sentKBytesPerSec" : 0.3569122933050593
  },
  "TR - Open home page-5" : {
    "transaction" : "TR - Open home page-5",
    "sampleCount" : 100,
    "errorCount" : 0,
    "errorPct" : 0.0,
    "meanResTime" : 454.53999999999996,
    "medianResTime" : 422.0,
    "minResTime" : 352.0,
    "maxResTime" : 1999.0,
    "pct1ResTime" : 521.0,
    "pct2ResTime" : 618.1999999999998,
    "pct3ResTime" : 1987.5899999999942,
    "throughput" : 0.3377591034522358,
    "receivedKBytesPerSec" : 3.3095741353789148,
    "sentKBytesPerSec" : 0.3487032900269869
  },
  "TR - Open home page-4" : {
    "transaction" : "TR - Open home page-4",
    "sampleCount" : 100,
    "errorCount" : 0,
    "errorPct" : 0.0,
    "meanResTime" : 441.2999999999999,
    "medianResTime" : 406.0,
    "minResTime" : 348.0,
    "maxResTime" : 1239.0,
    "pct1ResTime" : 504.6,
    "pct2ResTime" : 619.1999999999998,
    "pct3ResTime" : 1235.3999999999983,
    "throughput" : 0.3377431328377516,
    "receivedKBytesPerSec" : 3.156443753736283,
    "sentKBytesPerSec" : 0.3479347957329532
  },
  "TR - Open home page-3" : {
    "transaction" : "TR - Open home page-3",
    "sampleCount" : 100,
    "errorCount" : 0,
    "errorPct" : 0.0,
    "meanResTime" : 448.81000000000023,
    "medianResTime" : 416.5,
    "minResTime" : 348.0,
    "maxResTime" : 868.0,
    "pct1ResTime" : 599.8000000000001,
    "pct2ResTime" : 685.0999999999998,
    "pct3ResTime" : 867.8,
    "throughput" : 0.3377123366316572,
    "receivedKBytesPerSec" : 3.1552951711357267,
    "sentKBytesPerSec" : 0.3480020093884029
  },
  "TR - Open home page-2" : {
    "transaction" : "TR - Open home page-2",
    "sampleCount" : 100,
    "errorCount" : 0,
    "errorPct" : 0.0,
    "meanResTime" : 298.5700000000001,
    "medianResTime" : 276.5,
    "minResTime" : 241.0,
    "maxResTime" : 1537.0,
    "pct1ResTime" : 309.9,
    "pct2ResTime" : 370.54999999999967,
    "pct3ResTime" : 1528.4299999999957,
    "throughput" : 0.3380296925281917,
    "receivedKBytesPerSec" : 0.7862128304662782,
    "sentKBytesPerSec" : 0.34448658782687475
  },
  "TR - Open home page" : {
    "transaction" : "TR - Open home page",
    "sampleCount" : 100,
    "errorCount" : 0,
    "errorPct" : 0.0,
    "meanResTime" : 4320.909999999999,
    "medianResTime" : 4198.5,
    "minResTime" : 3632.0,
    "maxResTime" : 5825.0,
    "pct1ResTime" : 4915.3,
    "pct2ResTime" : 5305.599999999998,
    "pct3ResTime" : 5824.38,
    "throughput" : 0.3316155647081452,
    "receivedKBytesPerSec" : 25.073060997159715,
    "sentKBytesPerSec" : 2.6400679376662226
  },
  "TR - Open home page-1" : {
    "transaction" : "TR - Open home page-1",
    "sampleCount" : 99,
    "errorCount" : 0,
    "errorPct" : 0.0,
    "meanResTime" : 1094.888888888889,
    "medianResTime" : 1065.0,
    "minResTime" : 753.0,
    "maxResTime" : 1785.0,
    "pct1ResTime" : 1389.0,
    "pct2ResTime" : 1525.0,
    "pct3ResTime" : 1785.0,
    "throughput" : 0.335415847890607,
    "receivedKBytesPerSec" : 6.026384802655206,
    "sentKBytesPerSec" : 0.23747704074286138
  },
  "Total" : {
    "transaction" : "Total",
    "sampleCount" : 1499,
    "errorCount" : 100,
    "errorPct" : 6.671114,
    "meanResTime" : 618.5323549032688,
    "medianResTime" : 490.0,
    "minResTime" : 230.0,
    "maxResTime" : 1999.0,
    "pct1ResTime" : 1060.0,
    "pct2ResTime" : 1184.0,
    "pct3ResTime" : 1452.0,
    "throughput" : 4.621223098100027,
    "receivedKBytesPerSec" : 53.94357380912561,
    "sentKBytesPerSec" : 5.164684420982943
  },
  "TR - Login-8" : {
    "transaction" : "TR - Login-8",
    "sampleCount" : 100,
    "errorCount" : 0,
    "errorPct" : 0.0,
    "meanResTime" : 439.36999999999983,
    "medianResTime" : 418.0,
    "minResTime" : 353.0,
    "maxResTime" : 1084.0,
    "pct1ResTime" : 487.30000000000007,
    "pct2ResTime" : 559.3999999999999,
    "pct3ResTime" : 1081.5699999999988,
    "throughput" : 0.3326967735066906,
    "receivedKBytesPerSec" : 3.1598071003313657,
    "sentKBytesPerSec" : 0.4273659003273736
  },
  "TR - Login-7" : {
    "transaction" : "TR - Login-7",
    "sampleCount" : 100,
    "errorCount" : 0,
    "errorPct" : 0.0,
    "meanResTime" : 455.1,
    "medianResTime" : 423.5,
    "minResTime" : 358.0,
    "maxResTime" : 921.0,
    "pct1ResTime" : 598.4000000000001,
    "pct2ResTime" : 621.8,
    "pct3ResTime" : 920.1599999999996,
    "throughput" : 0.33222922487599543,
    "receivedKBytesPerSec" : 3.1554022185021777,
    "sentKBytesPerSec" : 0.426551178250946
  },
  "TR - Login-6" : {
    "transaction" : "TR - Login-6",
    "sampleCount" : 100,
    "errorCount" : 0,
    "errorPct" : 0.0,
    "meanResTime" : 283.38000000000005,
    "medianResTime" : 279.0,
    "minResTime" : 230.0,
    "maxResTime" : 423.0,
    "pct1ResTime" : 312.5,
    "pct2ResTime" : 332.95,
    "pct3ResTime" : 422.6499999999998,
    "throughput" : 0.3336747938723961,
    "receivedKBytesPerSec" : 0.8270279659101147,
    "sentKBytesPerSec" : 0.4252333325269526
  },
  "TR - Login-4" : {
    "transaction" : "TR - Login-4",
    "sampleCount" : 100,
    "errorCount" : 100,
    "errorPct" : 100.0,
    "meanResTime" : 1015.3300000000003,
    "medianResTime" : 1005.0,
    "minResTime" : 712.0,
    "maxResTime" : 1916.0,
    "pct1ResTime" : 1202.1000000000001,
    "pct2ResTime" : 1279.2999999999997,
    "pct3ResTime" : 1911.1099999999974,
    "throughput" : 0.3346328241337193,
    "receivedKBytesPerSec" : 5.109944529380762,
    "sentKBytesPerSec" : 0.5406869070724648
  },
  "TR - Login-3" : {
    "transaction" : "TR - Login-3",
    "sampleCount" : 100,
    "errorCount" : 0,
    "errorPct" : 0.0,
    "meanResTime" : 1015.06,
    "medianResTime" : 987.5,
    "minResTime" : 710.0,
    "maxResTime" : 1470.0,
    "pct1ResTime" : 1305.0000000000005,
    "pct2ResTime" : 1380.95,
    "pct3ResTime" : 1469.99,
    "throughput" : 0.334704506126766,
    "receivedKBytesPerSec" : 7.955762680698595,
    "sentKBytesPerSec" : 0.3840799579778492
  },
  "TR - Login user" : {
    "transaction" : "TR - Login user",
    "sampleCount" : 100,
    "errorCount" : 100,
    "errorPct" : 100.0,
    "meanResTime" : 4975.699999999997,
    "medianResTime" : 4938.0,
    "minResTime" : 3984.0,
    "maxResTime" : 6388.0,
    "pct1ResTime" : 5523.8,
    "pct2ResTime" : 5709.399999999999,
    "pct3ResTime" : 6383.109999999998,
    "throughput" : 0.33268349157978083,
    "receivedKBytesPerSec" : 33.1181672528827,
    "sentKBytesPerSec" : 2.927179378364262
  },
  "TR - Login-2" : {
    "transaction" : "TR - Login-2",
    "sampleCount" : 100,