{
  "TR - Open home page-8" : {
    "transaction" : "TR - Open home page-8",
    "sampleCount" : 50,
    "errorCount" : 0,
    "errorPct" : 0.0,
    "meanResTime" : 541.56,
    "medianResTime" : 513.5,
    "minResTime" : 441.0,
    "maxResTime" : 874.0,
    "pct1ResTime" : 627.1,
    "pct2ResTime" : 804.5999999999999,
    "pct3ResTime" : 874.0,
    "throughput" : 0.340950159905625,
    "receivedKBytesPerSec" : 3.8110636409044725,
    "sentKBytesPerSec" : 0.3595825534098425
  },
  "TR - Open home page-7" : {
    "transaction" : "TR - Open home page-7",
    "sampleCount" : 50,
    "errorCount" : 0,
    "errorPct" : 0.0,
    "meanResTime" : 430.7799999999999,
    "medianResTime" : 410.0,
    "minResTime" : 337.0,
    "maxResTime" : 625.0,
    "pct1ResTime" : 533.1,
    "pct2ResTime" : 564.8,
    "pct3ResTime" : 625.0,
    "throughput" : 0.3412759625688524,
    "receivedKBytesPerSec" : 2.0397437721402785,
    "sentKBytesPerSec" : 0.35168754564566
  },
  "Total" : {
    "transaction" : "Total",
    "sampleCount" : 399,
    "errorCount" : 0,
    "errorPct" : 0.0,
    "meanResTime" : 525.2556390977439,
    "medianResTime" : 456.0,
    "minResTime" : 235.0,
    "maxResTime" : 1752.0,
    "pct1ResTime" : 961.0,
    "pct2ResTime" : 1079.0,
    "pct3ResTime" : 1379.0,
    "throughput" : 2.674926087568633,
    "receivedKBytesPerSec" : 25.224888995176414,
    "sentKBytesPerSec" : 2.664981272584354
  },
  "TR - Open home page-6" : {
    "transaction" : "TR - Open home page-6",
    "sampleCount" : 50,
    "errorCount" : 0,
    "errorPct" : 0.0,
    "meanResTime" : 583.7199999999998,
    "medianResTime" : 570.5,
    "minResTime" : 461.0,
    "maxResTime" : 837.0,
    "pct1ResTime" : 671.0,
    "pct2ResTime" : 737.4999999999994,
    "pct3ResTime" : 837.0,
    "throughput" : 0.341085059792211,
    "receivedKBytesPerSec" : 3.300191146199289,
    "sentKBytesPerSec" : 0.36076406890600377
  },
  "TR - Open home page-5" : {
    "transaction" : "TR - Open home page-5",
    "sampleCount" : 50,
    "errorCount" : 0,
    "errorPct" : 0.0,
    "meanResTime" : 442.7199999999999,
    "medianResTime" : 420.5,
    "minResTime" : 375.0,
    "maxResTime" : 691.0,
    "pct1ResTime" : 529.3,
    "pct2ResTime" : 602.2999999999998,
    "pct3ResTime" : 691.0,
    "throughput" : 0.3411991101527207,
    "receivedKBytesPerSec" : 3.3435646862332984,
    "sentKBytesPerSec" : 0.3514484115475427
  },
  "TR - Open home page-4" : {
    "transaction" : "TR - Open home page-4",
    "sampleCount" : 50,
    "errorCount" : 0,
    "errorPct" : 0.0,
    "meanResTime" : 424.39999999999986,
    "medianResTime" : 408.0,
    "minResTime" : 351.0,
    "maxResTime" : 789.0,
    "pct1ResTime" : 487.9,
    "pct2ResTime" : 498.45,
    "pct3ResTime" : 789.0,
    "throughput" : 0.34131090693134186,
    "receivedKBytesPerSec" : 3.188743811606619,
    "sentKBytesPerSec" : 0.3518968780291343
  },
  "TR - Open home page-3" : {
    "transaction" : "TR - Open home page-3",
    "sampleCount" : 50,
    "errorCount" : 0,
    "errorPct" : 0.0,
    "meanResTime" : 440.48,
    "medianResTime" : 417.0,
    "minResTime" : 361.0,
    "maxResTime" : 844.0,
    "pct1ResTime" : 505.4,
    "pct2ResTime" : 630.0499999999993,
    "pct3ResTime" : 844.0,
    "throughput" : 0.34147640739501306,
    "receivedKBytesPerSec" : 3.190750215130137,
    "sentKBytesPerSec" : 0.3524543403358762
  },
  "TR - Open home page-2" : {
    "transaction" : "TR - Open home page-2",
    "sampleCount" : 50,
    "errorCount" : 0,
    "errorPct" : 0.0,
    "meanResTime" : 277.21999999999997,
    "medianResTime" : 279.5,
    "minResTime" : 235.0,
    "maxResTime" : 371.0,
    "pct1ResTime" : 291.8,
    "pct2ResTime" : 306.0999999999999,
    "pct3ResTime" : 371.0,
    "throughput" : 0.3417705079393289,
    "receivedKBytesPerSec" : 0.7954174555869226,
    "sentKBytesPerSec" : 0.34875277261324567
  },
  "TR - Open home page" : {
    "transaction" : "TR - Open home page",
    "sampleCount" : 50,
    "errorCount" : 0,
    "errorPct" : 0.0,
    "meanResTime" : 4232.28,
    "medianResTime" : 4144.0,
    "minResTime" : 3768.0,
    "maxResTime" : 5139.0,
    "pct1ResTime" : 4640.099999999999,
    "pct2ResTime" : 4979.049999999999,
    "pct3ResTime" : 5139.0,
    "throughput" : 0.3304081201099598,
    "receivedKBytesPerSec" : 24.9828807292768,
    "sentKBytesPerSec" : 2.631532891302337
  },
  "TR - Open home page-1" : {
    "transaction" : "TR - Open home page-1",
    "sampleCount" : 49,
    "errorCount" : 0,
    "errorPct" : 0.0,
    "meanResTime" : 1072.1020408163263,
    "medianResTime" : 1051.0,
    "minResTime" : 729.0,
    "maxResTime" : 1752.0,
    "pct1ResTime" : 1301.0,
    "pct2ResTime" : 1428.0,
    "pct3ResTime" : 1752.0,
    "throughput" : 0.337451620456455,
    "receivedKBytesPerSec" : 6.063395495020868,
    "sentKBytesPerSec" : 0.23891838362395496
  }
}